<?xml version="1.0" encoding="UTF-8" ?>
<Configuration status="ERROR">
	<Appenders>
		<Console name="STDOUT" target="SYSTEM_OUT">
			<PatternLayout
				pattern="%-5p | %d{yyyy-MM-dd HH:mm:ss} | [%t] %C{2} (%F:%L) - %m%n" />
		</Console>
	</Appenders>

	<Loggers>
		<Root level="ERROR" includeLocation="true">
			<AppenderRef ref="STDOUT" />
		</Root>
		<Logger name="org.apache.camel" level="DEBUG"/>
		<Logger name="org.springframework" level="INFO"/>
		<Logger name="org.apache.camel.component.mybatis" level="DEBUG"/>
		<Logger name="com.bsc.ais.pcp.services.v1" level="DEBUG"/>
       
	</Loggers>
</Configuration>