<?xml version="1.0" encoding="UTF-8"?>
<beans xmlns="http://www.springframework.org/schema/beans"
    xmlns:jee="http://www.springframework.org/schema/jee"
	xmlns:xsi="http://www.w3.org/2001/XMLSchema-instance" 
	xmlns:beans="http://www.springframework.org/schema/beans"
	xmlns:context="http://www.springframework.org/schema/context"
	xsi:schemaLocation="
	http://www.springframework.org/schema/jee 
	http://www.springframework.org/schema/jee/spring-jee.xsd
    http://www.springframework.org/schema/beans 
    http://www.springframework.org/schema/beans/spring-beans.xsd 
    http://www.springframework.org/schema/context 
    http://www.springframework.org/schema/context/spring-context.xsd">

	<context:property-placeholder
		location="file:${server.config.dir}apps/properties/*.properties" />	
	
	<!-- register spring beans -->
	<context:component-scan
		base-package="com.bsc.aip.core.framewrok.config, com.bsc.aip.core.framewrok.logging, com.bsc.aip.core.camel.template" />
	
	
	 <!-- All Data Sources should be defined in Container XML -->
	 <!--  FACETS READ ONLY -->
 	 <jee:jndi-lookup id="facetDS" jndi-name="${jndi.aisfacets.ro}" expected-type="javax.sql.DataSource" />
 	 <!--  FACETS READ/WRITE -->
 	 <!--  <jee:jndi-lookup id="facetRWDS" jndi-name="${jndi.aisfacets.rw}" expected-type="javax.sql.DataSource" /> -->
 	 
 	<jee:jndi-lookup id="powrDS" jndi-name="${jndi.aispowr.ro}" expected-type="javax.sql.DataSource" />
	 
	<jee:jndi-lookup id="aipdbDS" jndi-name="${jndi.aisdb2.ro}" expected-type="javax.sql.DataSource" />	 
	
	<jee:jndi-lookup id="aippqisqlDS" jndi-name="${jndi.aispqisql.rw}" expected-type="javax.sql.DataSource" />
	 
	<jee:jndi-lookup id="aipc360" jndi-name="${jndi.aipc360.ro}" expected-type="javax.sql.DataSource" />
	 
	<jee:jndi-lookup id="aipfacetsreplicated" jndi-name="${jndi.aipfacetsreplicated.ro}" expected-type="javax.sql.DataSource" />
	 
	<jee:jndi-lookup id="aipmra" jndi-name="${jndi.aipmra.rw}" expected-type="javax.sql.DataSource" />
	 
	<jee:jndi-lookup id="wpratgr" jndi-name="${jndi.wpr.ro}" expected-type="javax.sql.DataSource" />	
	
	<jee:jndi-lookup id="aipdenodo" jndi-name="${jndi.denodo.ro}" expected-type="javax.sql.DataSource" />
	  
	<jee:jndi-lookup id="aiptrwsql" jndi-name="${jndi.aistrwsql.rw}" expected-type="javax.sql.DataSource" /> 
	
	<jee:jndi-lookup id="vbbDS" jndi-name="${jndi.vbb.rw}" expected-type="javax.sql.DataSource" /> 
	  
</beans>